,team,total_num_games,opponent,result_metric,num_games,pct_of_points
0,Ascoli,76.0,Atalanta,0.0,2.0,0.0
1,Ascoli,76.0,Cagliari,4.0,4.0,33.33333333333333
2,Ascoli,76.0,Catania,2.0,2.0,33.33333333333333
3,Ascoli,76.0,Chievo,5.0,4.0,41.66666666666667
4,Ascoli,76.0,Empoli,6.0,4.0,50.0
5,Ascoli,76.0,Fiorentina,1.0,4.0,8.333333333333332
6,Ascoli,76.0,Inter,0.0,4.0,0.0
7,Ascoli,76.0,Juventus,0.0,2.0,0.0
8,Ascoli,76.0,Lazio,1.0,4.0,8.333333333333332
9,Ascoli,76.0,Lecce,4.0,2.0,66.66666666666666
10,Ascoli,76.0,Livorno,2.0,4.0,16.666666666666664
11,Ascoli,76.0,Messina,8.0,4.0,66.66666666666666
12,Ascoli,76.0,Milan,1.0,4.0,8.333333333333332
13,Ascoli,76.0,Palermo,5.0,4.0,41.66666666666667
14,Ascoli,76.0,Parma,5.0,4.0,41.66666666666667
15,Ascoli,76.0,Reggina,1.0,4.0,8.333333333333332
16,Ascoli,76.0,Roma,5.0,4.0,41.66666666666667
17,Ascoli,76.0,Sampdoria,7.0,4.0,58.333333333333336
18,Ascoli,76.0,Siena,5.0,4.0,41.66666666666667
19,Ascoli,76.0,Torino,0.0,2.0,0.0
20,Ascoli,76.0,Treviso,4.0,2.0,66.66666666666666
21,Ascoli,76.0,Udinese,4.0,4.0,33.33333333333333
22,Atalanta,570.0,Ascoli,6.0,2.0,100.0
23,Atalanta,570.0,Bari,3.0,2.0,50.0
24,Atalanta,570.0,Benevento,12.0,4.0,100.0
25,Atalanta,570.0,Bologna,47.0,24.0,65.27777777777779
26,Atalanta,570.0,Brescia,6.0,2.0,100.0
27,Atalanta,570.0,Cagliari,43.0,28.0,51.19047619047619
28,Atalanta,570.0,Carpi,4.0,2.0,66.66666666666666
29,Atalanta,570.0,Catania,16.0,14.0,38.095238095238095
30,Atalanta,570.0,Cesena,10.0,4.0,83.33333333333334
31,Atalanta,570.0,Chievo,36.0,22.0,54.54545454545454
32,Atalanta,570.0,Crotone,16.0,6.0,88.88888888888889
33,Atalanta,570.0,Empoli,23.0,14.0,54.761904761904766
34,Atalanta,570.0,Fiorentina,27.0,30.0,30.0
35,Atalanta,570.0,Frosinone,10.0,4.0,83.33333333333334
36,Atalanta,570.0,Genoa,41.0,28.0,48.80952380952381
37,Atalanta,570.0,Inter,30.0,30.0,33.33333333333333
38,Atalanta,570.0,Juventus,14.0,28.0,16.666666666666664
39,Atalanta,570.0,Lazio,40.0,30.0,44.44444444444444
40,Atalanta,570.0,Lecce,12.0,6.0,66.66666666666666
41,Atalanta,570.0,Livorno,13.0,8.0,54.166666666666664
42,Atalanta,570.0,Messina,4.0,2.0,66.66666666666666
43,Atalanta,570.0,Milan,37.0,30.0,41.11111111111111
44,Atalanta,570.0,Napoli,38.0,28.0,45.23809523809524
45,Atalanta,570.0,Novara,4.0,2.0,66.66666666666666
46,Atalanta,570.0,Palermo,26.0,18.0,48.148148148148145
47,Atalanta,570.0,Parma,39.0,20.0,65.0
48,Atalanta,570.0,Pescara,10.0,4.0,83.33333333333334
49,Atalanta,570.0,Reggina,4.0,6.0,22.22222222222222
50,Atalanta,570.0,Roma,34.0,30.0,37.77777777777778
51,Atalanta,570.0,Salernitana,4.0,2.0,66.66666666666666
52,Atalanta,570.0,Sampdoria,39.0,28.0,46.42857142857143
53,Atalanta,570.0,Sassuolo,35.0,18.0,64.81481481481481
54,Atalanta,570.0,Siena,22.0,12.0,61.111111111111114
55,Atalanta,570.0,Spal,8.0,6.0,44.44444444444444
56,Atalanta,570.0,Spezia,10.0,4.0,83.33333333333334
57,Atalanta,570.0,Torino,31.0,26.0,39.743589743589745
58,Atalanta,570.0,Udinese,44.0,30.0,48.888888888888886
59,Atalanta,570.0,Venezia,6.0,2.0,100.0
60,Atalanta,570.0,Verona,18.0,14.0,42.857142857142854
61,Bari,76.0,Atalanta,3.0,2.0,50.0
62,Bari,76.0,Bologna,4.0,4.0,33.33333333333333
63,Bari,76.0,Brescia,3.0,2.0,50.0
64,Bari,76.0,Cagliari,1.0,4.0,8.333333333333332
65,Bari,76.0,Catania,2.0,4.0,16.666666666666664
66,Bari,76.0,Cesena,1.0,2.0,16.666666666666664
67,Bari,76.0,Chievo,7.0,4.0,58.333333333333336
68,Bari,76.0,Fiorentina,4.0,4.0,33.33333333333333
69,Bari,76.0,Genoa,5.0,4.0,41.66666666666667
70,Bari,76.0,Inter,2.0,4.0,16.666666666666664
71,Bari,76.0,Juventus,6.0,4.0,50.0
72,Bari,76.0,Lazio,6.0,4.0,50.0
73,Bari,76.0,Lecce,3.0,2.0,50.0
74,Bari,76.0,Livorno,4.0,2.0,66.66666666666666
75,Bari,76.0,Milan,2.0,4.0,16.666666666666664
76,Bari,76.0,Napoli,1.0,4.0,8.333333333333332
77,Bari,76.0,Palermo,5.0,4.0,41.66666666666667
78,Bari,76.0,Parma,4.0,4.0,33.33333333333333
79,Bari,76.0,Roma,0.0,4.0,0.0
80,Bari,76.0,Sampdoria,4.0,4.0,33.33333333333333
81,Bari,76.0,Siena,3.0,2.0,50.0
82,Bari,76.0,Udinese,4.0,4.0,33.33333333333333
83,Benevento,76.0,Atalanta,0.0,4.0,0.0
84,Benevento,76.0,Bologna,4.0,4.0,33.33333333333333
85,Benevento,76.0,Cagliari,3.0,4.0,25.0
86,Benevento,76.0,Chievo,3.0,2.0,50.0
87,Benevento,76.0,Crotone,4.0,4.0,33.33333333333333
88,Benevento,76.0,Fiorentina,3.0,4.0,25.0
89,Benevento,76.0,Genoa,7.0,4.0,58.333333333333336
90,Benevento,76.0,Inter,0.0,4.0,0.0
91,Benevento,76.0,Juventus,4.0,4.0,33.33333333333333
92,Benevento,76.0,Lazio,1.0,4.0,8.333333333333332
93,Benevento,76.0,Milan,4.0,4.0,33.33333333333333
94,Benevento,76.0,Napoli,0.0,4.0,0.0
95,Benevento,76.0,Parma,2.0,2.0,33.33333333333333
96,Benevento,76.0,Roma,1.0,4.0,8.333333333333332
97,Benevento,76.0,Sampdoria,7.0,4.0,58.333333333333336
98,Benevento,76.0,Sassuolo,1.0,4.0,8.333333333333332
99,Benevento,76.0,Spal,0.0,2.0,0.0
100,Benevento,76.0,Spezia,1.0,2.0,16.666666666666664
101,Benevento,76.0,Torino,2.0,4.0,16.666666666666664
102,Benevento,76.0,Udinese,4.0,4.0,33.33333333333333
103,Benevento,76.0,Verona,3.0,4.0,25.0
104,Bologna,494.0,Atalanta,20.0,24.0,27.77777777777778
105,Bologna,494.0,Bari,7.0,4.0,58.333333333333336
106,Bologna,494.0,Benevento,7.0,4.0,58.333333333333336
107,Bologna,494.0,Brescia,9.0,4.0,75.0
108,Bologna,494.0,Cagliari,31.0,24.0,43.05555555555556
109,Bologna,494.0,Carpi,4.0,2.0,66.66666666666666
110,Bologna,494.0,Catania,20.0,12.0,55.55555555555556
111,Bologna,494.0,Cesena,4.0,4.0,33.33333333333333
112,Bologna,494.0,Chievo,26.0,20.0,43.333333333333336
113,Bologna,494.0,Crotone,12.0,6.0,66.66666666666666
114,Bologna,494.0,Empoli,6.0,8.0,25.0
115,Bologna,494.0,Fiorentina,18.0,26.0,23.076923076923077
116,Bologna,494.0,Frosinone,4.0,4.0,33.33333333333333
117,Bologna,494.0,Genoa,35.0,26.0,44.871794871794876
118,Bologna,494.0,Inter,20.0,26.0,25.64102564102564
119,Bologna,494.0,Juventus,9.0,26.0,11.538461538461538
120,Bologna,494.0,Lazio,23.0,26.0,29.48717948717949
121,Bologna,494.0,Lecce,17.0,8.0,70.83333333333334
122,Bologna,494.0,Livorno,9.0,4.0,75.0
123,Bologna,494.0,Milan,12.0,26.0,15.384615384615385
124,Bologna,494.0,Napoli,22.0,26.0,28.205128205128204
125,Bologna,494.0,Novara,6.0,2.0,100.0
126,Bologna,494.0,Palermo,16.0,14.0,38.095238095238095
127,Bologna,494.0,Parma,23.0,16.0,47.91666666666667
128,Bologna,494.0,Pescara,10.0,4.0,83.33333333333334
129,Bologna,494.0,Reggina,1.0,2.0,16.666666666666664
130,Bologna,494.0,Roma,20.0,26.0,25.64102564102564
131,Bologna,494.0,Salernitana,4.0,2.0,66.66666666666666
132,Bologna,494.0,Sampdoria,38.0,24.0,52.77777777777778
133,Bologna,494.0,Sassuolo,22.0,16.0,45.83333333333333
134,Bologna,494.0,Siena,9.0,8.0,37.5
135,Bologna,494.0,Spal,10.0,6.0,55.55555555555556
136,Bologna,494.0,Spezia,10.0,4.0,83.33333333333334
137,Bologna,494.0,Torino,20.0,20.0,33.33333333333333
138,Bologna,494.0,Udinese,25.0,26.0,32.05128205128205
139,Bologna,494.0,Venezia,0.0,2.0,0.0
140,Bologna,494.0,Verona,19.0,12.0,52.77777777777778
141,Brescia,76.0,Atalanta,0.0,2.0,0.0
142,Brescia,76.0,Bari,3.0,2.0,50.0
143,Brescia,76.0,Bologna,3.0,4.0,25.0
144,Brescia,76.0,Cagliari,5.0,4.0,41.66666666666667
145,Brescia,76.0,Catania,0.0,2.0,0.0
146,Brescia,76.0,Cesena,0.0,2.0,0.0
147,Brescia,76.0,Chievo,3.0,2.0,50.0
148,Brescia,76.0,Fiorentina,3.0,4.0,25.0
149,Brescia,76.0,Genoa,2.0,4.0,16.666666666666664
150,Brescia,76.0,Inter,2.0,4.0,16.666666666666664
151,Brescia,76.0,Juventus,1.0,4.0,8.333333333333332
152,Brescia,76.0,Lazio,0.0,4.0,0.0
153,Brescia,76.0,Lecce,4.0,4.0,33.33333333333333
154,Brescia,76.0,Milan,0.0,4.0,0.0
155,Brescia,76.0,Napoli,1.0,4.0,8.333333333333332
156,Brescia,76.0,Palermo,3.0,2.0,50.0
157,Brescia,76.0,Parma,4.0,4.0,33.33333333333333
158,Brescia,76.0,Roma,4.0,4.0,33.33333333333333
159,Brescia,76.0,Sampdoria,5.0,4.0,41.66666666666667
160,Brescia,76.0,Sassuolo,0.0,2.0,0.0
161,Brescia,76.0,Spal,6.0,2.0,100.0
162,Brescia,76.0,Torino,0.0,2.0,0.0
163,Brescia,76.0,Udinese,5.0,4.0,41.66666666666667
164,Brescia,76.0,Verona,3.0,2.0,50.0
165,Cagliari,608.0,Ascoli,7.0,4.0,58.333333333333336
166,Cagliari,608.0,Atalanta,37.0,28.0,44.047619047619044
167,Cagliari,608.0,Bari,10.0,4.0,83.33333333333334
168,Cagliari,608.0,Benevento,9.0,4.0,75.0
169,Cagliari,608.0,Bologna,34.0,24.0,47.22222222222222
170,Cagliari,608.0,Brescia,5.0,4.0,41.66666666666667
171,Cagliari,608.0,Catania,23.0,16.0,47.91666666666667
172,Cagliari,608.0,Cesena,10.0,6.0,55.55555555555556
173,Cagliari,608.0,Chievo,22.0,24.0,30.555555555555557
174,Cagliari,608.0,Crotone,16.0,6.0,88.88888888888889
175,Cagliari,608.0,Empoli,16.0,14.0,38.095238095238095
176,Cagliari,608.0,Fiorentina,33.0,32.0,34.375
177,Cagliari,608.0,Frosinone,4.0,2.0,66.66666666666666
178,Cagliari,608.0,Genoa,32.0,28.0,38.095238095238095
179,Cagliari,608.0,Inter,23.0,32.0,23.958333333333336
180,Cagliari,608.0,Juventus,14.0,30.0,15.555555555555555
181,Cagliari,608.0,Lazio,21.0,32.0,21.875
182,Cagliari,608.0,Lecce,13.0,10.0,43.333333333333336
183,Cagliari,608.0,Livorno,14.0,10.0,46.666666666666664
184,Cagliari,608.0,Messina,5.0,4.0,41.66666666666667
185,Cagliari,608.0,Milan,9.0,32.0,9.375
186,Cagliari,608.0,Napoli,20.0,28.0,23.809523809523807
187,Cagliari,608.0,Novara,4.0,2.0,66.66666666666666
188,Cagliari,608.0,Palermo,27.0,20.0,45.0
189,Cagliari,608.0,Parma,36.0,24.0,50.0
190,Cagliari,608.0,Pescara,7.0,4.0,58.333333333333336
191,Cagliari,608.0,Reggina,2.0,8.0,8.333333333333332
192,Cagliari,608.0,Roma,26.0,32.0,27.083333333333332
193,Cagliari,608.0,Salernitana,2.0,2.0,33.33333333333333
194,Cagliari,608.0,Sampdoria,48.0,30.0,53.333333333333336
195,Cagliari,608.0,Sassuolo,19.0,16.0,39.58333333333333
196,Cagliari,608.0,Siena,17.0,14.0,40.476190476190474
197,Cagliari,608.0,Spal,16.0,6.0,88.88888888888889
198,Cagliari,608.0,Spezia,2.0,4.0,16.666666666666664
199,Cagliari,608.0,Torino,31.0,24.0,43.05555555555556
200,Cagliari,608.0,Treviso,4.0,2.0,66.66666666666666
201,Cagliari,608.0,Udinese,36.0,32.0,37.5
202,Cagliari,608.0,Venezia,2.0,2.0,33.33333333333333
203,Cagliari,608.0,Verona,9.0,12.0,25.0
204,Carpi,38.0,Atalanta,1.0,2.0,16.666666666666664
205,Carpi,38.0,Bologna,1.0,2.0,16.666666666666664
206,Carpi,38.0,Chievo,0.0,2.0,0.0
207,Carpi,38.0,Empoli,3.0,2.0,50.0
208,Carpi,38.0,Fiorentina,0.0,2.0,0.0
209,Carpi,38.0,Frosinone,3.0,2.0,50.0
210,Carpi,38.0,Genoa,6.0,2.0,100.0
211,Carpi,38.0,Inter,1.0,2.0,16.666666666666664
212,Carpi,38.0,Juventus,0.0,2.0,0.0
213,Carpi,38.0,Lazio,1.0,2.0,16.666666666666664
214,Carpi,38.0,Milan,2.0,2.0,33.33333333333333
215,Carpi,38.0,Napoli,1.0,2.0,16.666666666666664
216,Carpi,38.0,Palermo,2.0,2.0,33.33333333333333
217,Carpi,38.0,Roma,0.0,2.0,0.0
218,Carpi,38.0,Sampdoria,3.0,2.0,50.0
219,Carpi,38.0,Sassuolo,0.0,2.0,0.0
220,Carpi,38.0,Torino,4.0,2.0,66.66666666666666
221,Carpi,38.0,Udinese,6.0,2.0,100.0
222,Carpi,38.0,Verona,4.0,2.0,66.66666666666666
223,Catania,304.0,Ascoli,2.0,2.0,33.33333333333333
224,Catania,304.0,Atalanta,19.0,14.0,45.23809523809524
225,Catania,304.0,Bari,8.0,4.0,66.66666666666666
226,Catania,304.0,Bologna,14.0,12.0,38.88888888888889
227,Catania,304.0,Brescia,6.0,2.0,100.0
228,Catania,304.0,Cagliari,20.0,16.0,41.66666666666667
229,Catania,304.0,Cesena,8.0,4.0,66.66666666666666
230,Catania,304.0,Chievo,16.0,14.0,38.095238095238095
231,Catania,304.0,Empoli,6.0,4.0,50.0
232,Catania,304.0,Fiorentina,11.0,16.0,22.916666666666664
233,Catania,304.0,Genoa,21.0,14.0,50.0
234,Catania,304.0,Inter,8.0,16.0,16.666666666666664
235,Catania,304.0,Juventus,9.0,14.0,21.428571428571427
236,Catania,304.0,Lazio,24.0,16.0,50.0
237,Catania,304.0,Lecce,7.0,6.0,38.88888888888889
238,Catania,304.0,Livorno,7.0,8.0,29.166666666666668
239,Catania,304.0,Messina,2.0,2.0,33.33333333333333
240,Catania,304.0,Milan,6.0,16.0,12.5
241,Catania,304.0,Napoli,13.0,14.0,30.952380952380953
242,Catania,304.0,Novara,4.0,2.0,66.66666666666666
243,Catania,304.0,Palermo,21.0,14.0,50.0
244,Catania,304.0,Parma,22.0,14.0,52.38095238095239
245,Catania,304.0,Pescara,3.0,2.0,50.0
246,Catania,304.0,Reggina,7.0,6.0,38.88888888888889
247,Catania,304.0,Roma,17.0,16.0,35.41666666666667
248,Catania,304.0,Sampdoria,21.0,14.0,50.0
249,Catania,304.0,Sassuolo,1.0,2.0,16.666666666666664
250,Catania,304.0,Siena,16.0,12.0,44.44444444444444
251,Catania,304.0,Torino,7.0,10.0,23.333333333333332
252,Catania,304.0,Udinese,21.0,16.0,43.75
253,Catania,304.0,Verona,1.0,2.0,16.666666666666664
254,Cesena,114.0,Atalanta,1.0,4.0,8.333333333333332
255,Cesena,114.0,Bari,4.0,2.0,66.66666666666666
256,Cesena,114.0,Bologna,7.0,4.0,58.333333333333336
257,Cesena,114.0,Brescia,6.0,2.0,100.0
258,Cesena,114.0,Cagliari,7.0,6.0,38.88888888888889
259,Cesena,114.0,Catania,2.0,4.0,16.666666666666664
260,Cesena,114.0,Chievo,4.0,6.0,22.22222222222222
261,Cesena,114.0,Empoli,1.0,2.0,16.666666666666664
262,Cesena,114.0,Fiorentina,2.0,6.0,11.11111111111111
263,Cesena,114.0,Genoa,5.0,6.0,27.77777777777778
264,Cesena,114.0,Inter,1.0,6.0,5.555555555555555
265,Cesena,114.0,Juventus,2.0,6.0,11.11111111111111
266,Cesena,114.0,Lazio,6.0,6.0,33.33333333333333
267,Cesena,114.0,Lecce,5.0,4.0,41.66666666666667
268,Cesena,114.0,Milan,4.0,6.0,22.22222222222222
269,Cesena,114.0,Napoli,1.0,6.0,5.555555555555555
270,Cesena,114.0,Novara,3.0,2.0,50.0
271,Cesena,114.0,Palermo,6.0,6.0,33.33333333333333
272,Cesena,114.0,Parma,9.0,6.0,50.0
273,Cesena,114.0,Roma,1.0,6.0,5.555555555555555
274,Cesena,114.0,Sampdoria,5.0,4.0,41.66666666666667
275,Cesena,114.0,Sassuolo,1.0,2.0,16.666666666666664
276,Cesena,114.0,Siena,0.0,2.0,0.0
277,Cesena,114.0,Torino,0.0,2.0,0.0
278,Cesena,114.0,Udinese,4.0,6.0,22.22222222222222
279,Cesena,114.0,Verona,2.0,2.0,33.33333333333333
280,Chievo,494.0,Ascoli,5.0,4.0,41.66666666666667
281,Chievo,494.0,Atalanta,21.0,22.0,31.818181818181817
282,Chievo,494.0,Bari,4.0,4.0,33.33333333333333
283,Chievo,494.0,Benevento,3.0,2.0,50.0
284,Chievo,494.0,Bologna,26.0,20.0,43.333333333333336
285,Chievo,494.0,Brescia,3.0,2.0,50.0
286,Chievo,494.0,Cagliari,43.0,24.0,59.72222222222222
287,Chievo,494.0,Carpi,6.0,2.0,100.0
288,Chievo,494.0,Catania,22.0,14.0,52.38095238095239
289,Chievo,494.0,Cesena,13.0,6.0,72.22222222222221
290,Chievo,494.0,Crotone,3.0,4.0,25.0
291,Chievo,494.0,Empoli,14.0,12.0,38.88888888888889
292,Chievo,494.0,Fiorentina,17.0,26.0,21.794871794871796
293,Chievo,494.0,Frosinone,10.0,4.0,83.33333333333334
294,Chievo,494.0,Genoa,32.0,22.0,48.484848484848484
295,Chievo,494.0,Inter,13.0,26.0,16.666666666666664
296,Chievo,494.0,Juventus,10.0,24.0,13.88888888888889
297,Chievo,494.0,Lazio,25.0,26.0,32.05128205128205
298,Chievo,494.0,Lecce,12.0,8.0,50.0
299,Chievo,494.0,Livorno,22.0,8.0,91.66666666666666
300,Chievo,494.0,Messina,4.0,4.0,33.33333333333333
301,Chievo,494.0,Milan,6.0,26.0,7.6923076923076925
302,Chievo,494.0,Napoli,21.0,22.0,31.818181818181817
303,Chievo,494.0,Novara,4.0,2.0,66.66666666666666
304,Chievo,494.0,Palermo,28.0,20.0,46.666666666666664
305,Chievo,494.0,Parma,17.0,18.0,31.48148148148148
306,Chievo,494.0,Pescara,12.0,4.0,100.0
307,Chievo,494.0,Reggina,16.0,6.0,88.88888888888889
308,Chievo,494.0,Roma,16.0,26.0,20.51282051282051
309,Chievo,494.0,Sampdoria,27.0,24.0,37.5
310,Chievo,494.0,Sassuolo,14.0,12.0,38.88888888888889
311,Chievo,494.0,Siena,15.0,12.0,41.66666666666667
312,Chievo,494.0,Spal,5.0,4.0,41.66666666666667
313,Chievo,494.0,Torino,15.0,18.0,27.77777777777778
314,Chievo,494.0,Treviso,4.0,2.0,66.66666666666666
315,Chievo,494.0,Udinese,28.0,26.0,35.8974358974359
316,Chievo,494.0,Verona,11.0,8.0,45.83333333333333
317,Crotone,114.0,Atalanta,1.0,6.0,5.555555555555555
318,Crotone,114.0,Benevento,7.0,4.0,58.333333333333336
319,Crotone,114.0,Bologna,6.0,6.0,33.33333333333333
320,Crotone,114.0,Cagliari,1.0,6.0,5.555555555555555
321,Crotone,114.0,Chievo,9.0,4.0,75.0
322,Crotone,114.0,Empoli,3.0,2.0,50.0
323,Crotone,114.0,Fiorentina,5.0,6.0,27.77777777777778
324,Crotone,114.0,Genoa,1.0,6.0,5.555555555555555
325,Crotone,114.0,Inter,4.0,6.0,22.22222222222222
326,Crotone,114.0,Juventus,2.0,6.0,11.11111111111111
327,Crotone,114.0,Lazio,4.0,6.0,22.22222222222222
328,Crotone,114.0,Milan,1.0,6.0,5.555555555555555
329,Crotone,114.0,Napoli,0.0,6.0,0.0
330,Crotone,114.0,Palermo,1.0,2.0,16.666666666666664
331,Crotone,114.0,Parma,6.0,2.0,100.0
332,Crotone,114.0,Pescara,6.0,2.0,100.0
333,Crotone,114.0,Roma,0.0,6.0,0.0
334,Crotone,114.0,Sampdoria,7.0,6.0,38.88888888888889
335,Crotone,114.0,Sassuolo,4.0,6.0,22.22222222222222
336,Crotone,114.0,Spal,1.0,2.0,16.666666666666664
337,Crotone,114.0,Spezia,3.0,2.0,50.0
338,Crotone,114.0,Torino,6.0,6.0,33.33333333333333
339,Crotone,114.0,Udinese,7.0,6.0,38.88888888888889
340,Crotone,114.0,Verona,7.0,4.0,58.333333333333336
341,Empoli,304.0,Ascoli,6.0,4.0,50.0
342,Empoli,304.0,Atalanta,14.0,14.0,33.33333333333333
343,Empoli,304.0,Bologna,15.0,8.0,62.5
344,Empoli,304.0,Cagliari,22.0,14.0,52.38095238095239
345,Empoli,304.0,Carpi,3.0,2.0,50.0
346,Empoli,304.0,Catania,6.0,4.0,50.0
347,Empoli,304.0,Cesena,4.0,2.0,66.66666666666666
348,Empoli,304.0,Chievo,14.0,12.0,38.88888888888889
349,Empoli,304.0,Crotone,3.0,2.0,50.0
350,Empoli,304.0,Fiorentina,15.0,16.0,31.25
351,Empoli,304.0,Frosinone,4.0,4.0,33.33333333333333
352,Empoli,304.0,Genoa,12.0,12.0,33.33333333333333
353,Empoli,304.0,Inter,4.0,16.0,8.333333333333332
354,Empoli,304.0,Juventus,4.0,14.0,9.523809523809524
355,Empoli,304.0,Lazio,13.0,16.0,27.083333333333332
356,Empoli,304.0,Lecce,6.0,2.0,100.0
357,Empoli,304.0,Livorno,8.0,6.0,44.44444444444444
358,Empoli,304.0,Messina,7.0,4.0,58.333333333333336
359,Empoli,304.0,Milan,11.0,16.0,22.916666666666664
360,Empoli,304.0,Napoli,18.0,12.0,50.0
361,Empoli,304.0,Palermo,21.0,12.0,58.333333333333336
362,Empoli,304.0,Parma,9.0,10.0,30.0
363,Empoli,304.0,Pescara,4.0,2.0,66.66666666666666
364,Empoli,304.0,Reggina,8.0,6.0,44.44444444444444
365,Empoli,304.0,Roma,9.0,16.0,18.75
366,Empoli,304.0,Salernitana,4.0,2.0,66.66666666666666
367,Empoli,304.0,Sampdoria,16.0,16.0,33.33333333333333
368,Empoli,304.0,Sassuolo,12.0,10.0,40.0
369,Empoli,304.0,Siena,6.0,6.0,33.33333333333333
370,Empoli,304.0,Spal,1.0,2.0,16.666666666666664
371,Empoli,304.0,Spezia,2.0,2.0,33.33333333333333
372,Empoli,304.0,Torino,21.0,14.0,50.0
373,Empoli,304.0,Treviso,4.0,2.0,66.66666666666666
374,Empoli,304.0,Udinese,19.0,16.0,39.58333333333333
375,Empoli,304.0,Venezia,1.0,2.0,16.666666666666664
376,Empoli,304.0,Verona,8.0,6.0,44.44444444444444
377,Fiorentina,646.0,Ascoli,10.0,4.0,83.33333333333334
378,Fiorentina,646.0,Atalanta,54.0,30.0,60.0
379,Fiorentina,646.0,Bari,7.0,4.0,58.333333333333336
380,Fiorentina,646.0,Benevento,9.0,4.0,75.0
381,Fiorentina,646.0,Bologna,51.0,26.0,65.38461538461539
382,Fiorentina,646.0,Brescia,6.0,4.0,50.0
383,Fiorentina,646.0,Cagliari,54.0,32.0,56.25
384,Fiorentina,646.0,Carpi,6.0,2.0,100.0
385,Fiorentina,646.0,Catania,35.0,16.0,72.91666666666666
386,Fiorentina,646.0,Cesena,14.0,6.0,77.77777777777779
387,Fiorentina,646.0,Chievo,59.0,26.0,75.64102564102564
388,Fiorentina,646.0,Crotone,11.0,6.0,61.111111111111114
389,Fiorentina,646.0,Empoli,30.0,16.0,62.5
390,Fiorentina,646.0,Frosinone,5.0,4.0,41.66666666666667
391,Fiorentina,646.0,Genoa,51.0,30.0,56.666666666666664
392,Fiorentina,646.0,Inter,29.0,34.0,28.431372549019606
393,Fiorentina,646.0,Juventus,25.0,32.0,26.041666666666668
394,Fiorentina,646.0,Lazio,35.0,34.0,34.31372549019608
395,Fiorentina,646.0,Lecce,14.0,10.0,46.666666666666664
396,Fiorentina,646.0,Livorno,24.0,10.0,80.0
397,Fiorentina,646.0,Messina,8.0,4.0,66.66666666666666
398,Fiorentina,646.0,Milan,36.0,34.0,35.294117647058826
399,Fiorentina,646.0,Napoli,29.0,30.0,32.22222222222222
400,Fiorentina,646.0,Novara,4.0,2.0,66.66666666666666
401,Fiorentina,646.0,Palermo,36.0,22.0,54.54545454545454
402,Fiorentina,646.0,Parma,39.0,24.0,54.166666666666664
403,Fiorentina,646.0,Pescara,7.0,4.0,58.333333333333336
404,Fiorentina,646.0,Reggina,16.0,8.0,66.66666666666666
405,Fiorentina,646.0,Roma,26.0,34.0,25.49019607843137
406,Fiorentina,646.0,Salernitana,3.0,2.0,50.0
407,Fiorentina,646.0,Sampdoria,47.0,32.0,48.95833333333333
408,Fiorentina,646.0,Sassuolo,24.0,18.0,44.44444444444444
409,Fiorentina,646.0,Siena,30.0,14.0,71.42857142857143
410,Fiorentina,646.0,Spal,14.0,6.0,77.77777777777779
411,Fiorentina,646.0,Spezia,10.0,4.0,83.33333333333334
412,Fiorentina,646.0,Torino,48.0,26.0,61.53846153846154
413,Fiorentina,646.0,Treviso,6.0,2.0,100.0
414,Fiorentina,646.0,Udinese,59.0,34.0,57.84313725490197
415,Fiorentina,646.0,Venezia,3.0,2.0,50.0
416,Fiorentina,646.0,Verona,23.0,14.0,54.761904761904766
417,Frosinone,76.0,Atalanta,1.0,4.0,8.333333333333332
418,Frosinone,76.0,Bologna,7.0,4.0,58.333333333333336
419,Frosinone,76.0,Cagliari,1.0,2.0,16.666666666666664
420,Frosinone,76.0,Carpi,3.0,2.0,50.0
421,Frosinone,76.0,Chievo,1.0,4.0,8.333333333333332
422,Frosinone,76.0,Empoli,7.0,4.0,58.333333333333336
423,Frosinone,76.0,Fiorentina,5.0,4.0,41.66666666666667
424,Frosinone,76.0,Genoa,2.0,4.0,16.666666666666664
425,Frosinone,76.0,Inter,0.0,4.0,0.0
426,Frosinone,76.0,Juventus,1.0,4.0,8.333333333333332
427,Frosinone,76.0,Lazio,1.0,4.0,8.333333333333332
428,Frosinone,76.0,Milan,2.0,4.0,16.666666666666664
429,Frosinone,76.0,Napoli,0.0,4.0,0.0
430,Frosinone,76.0,Palermo,0.0,2.0,0.0
431,Frosinone,76.0,Parma,4.0,2.0,66.66666666666666
432,Frosinone,76.0,Roma,0.0,4.0,0.0
433,Frosinone,76.0,Sampdoria,6.0,4.0,50.0
434,Frosinone,76.0,Sassuolo,2.0,4.0,16.666666666666664
435,Frosinone,76.0,Spal,3.0,2.0,50.0
436,Frosinone,76.0,Torino,0.0,4.0,0.0
437,Frosinone,76.0,Udinese,4.0,4.0,33.33333333333333
438,Frosinone,76.0,Verona,6.0,2.0,100.0
439,Genoa,570.0,Atalanta,32.0,28.0,38.095238095238095
440,Genoa,570.0,Bari,5.0,4.0,41.66666666666667
441,Genoa,570.0,Benevento,4.0,4.0,33.33333333333333
442,Genoa,570.0,Bologna,35.0,26.0,44.871794871794876
443,Genoa,570.0,Brescia,8.0,4.0,66.66666666666666
444,Genoa,570.0,Cagliari,50.0,28.0,59.523809523809526
445,Genoa,570.0,Carpi,0.0,2.0,0.0
446,Genoa,570.0,Catania,18.0,14.0,42.857142857142854
447,Genoa,570.0,Cesena,11.0,6.0,61.111111111111114
448,Genoa,570.0,Chievo,29.0,22.0,43.93939393939394
449,Genoa,570.0,Crotone,16.0,6.0,88.88888888888889
450,Genoa,570.0,Empoli,18.0,12.0,50.0
451,Genoa,570.0,Fiorentina,24.0,30.0,26.666666666666668
452,Genoa,570.0,Frosinone,8.0,4.0,66.66666666666666
453,Genoa,570.0,Inter,21.0,30.0,23.333333333333332
454,Genoa,570.0,Juventus,20.0,30.0,22.22222222222222
455,Genoa,570.0,Lazio,38.0,30.0,42.22222222222222
456,Genoa,570.0,Lecce,18.0,8.0,75.0
457,Genoa,570.0,Livorno,7.0,6.0,38.88888888888889
458,Genoa,570.0,Milan,26.0,30.0,28.888888888888886
459,Genoa,570.0,Napoli,27.0,30.0,30.0
460,Genoa,570.0,Novara,4.0,2.0,66.66666666666666
461,Genoa,570.0,Palermo,21.0,18.0,38.88888888888889
462,Genoa,570.0,Parma,27.0,20.0,45.0
463,Genoa,570.0,Pescara,4.0,4.0,33.33333333333333
464,Genoa,570.0,Reggina,9.0,4.0,75.0
465,Genoa,570.0,Roma,19.0,30.0,21.11111111111111
466,Genoa,570.0,Salernitana,1.0,2.0,16.666666666666664
467,Genoa,570.0,Sampdoria,31.0,28.0,36.904761904761905
468,Genoa,570.0,Sassuolo,20.0,18.0,37.03703703703704
469,Genoa,570.0,Siena,15.0,10.0,50.0
470,Genoa,570.0,Spal,7.0,6.0,38.88888888888889
471,Genoa,570.0,Spezia,7.0,4.0,58.333333333333336
472,Genoa,570.0,Torino,28.0,24.0,38.88888888888889
473,Genoa,570.0,Udinese,38.0,30.0,42.22222222222222
474,Genoa,570.0,Venezia,2.0,2.0,33.33333333333333
475,Genoa,570.0,Verona,23.0,14.0,54.761904761904766
476,Inter,646.0,Ascoli,12.0,4.0,100.0
477,Inter,646.0,Atalanta,48.0,30.0,53.333333333333336
478,Inter,646.0,Bari,8.0,4.0,66.66666666666666
479,Inter,646.0,Benevento,12.0,4.0,100.0
480,Inter,646.0,Bologna,53.0,26.0,67.94871794871796
481,Inter,646.0,Brescia,8.0,4.0,66.66666666666666
482,Inter,646.0,Cagliari,65.0,32.0,67.70833333333334
483,Inter,646.0,Carpi,4.0,2.0,66.66666666666666
484,Inter,646.0,Catania,38.0,16.0,79.16666666666666
485,Inter,646.0,Cesena,16.0,6.0,88.88888888888889
486,Inter,646.0,Chievo,61.0,26.0,78.2051282051282
487,Inter,646.0,Crotone,13.0,6.0,72.22222222222221
488,Inter,646.0,Empoli,43.0,16.0,89.58333333333334
489,Inter,646.0,Fiorentina,65.0,34.0,63.725490196078425
490,Inter,646.0,Frosinone,12.0,4.0,100.0
491,Inter,646.0,Genoa,63.0,30.0,70.0
492,Inter,646.0,Juventus,27.0,32.0,28.125
493,Inter,646.0,Lazio,62.0,34.0,60.78431372549019
494,Inter,646.0,Lecce,23.0,10.0,76.66666666666667
495,Inter,646.0,Livorno,24.0,10.0,80.0
496,Inter,646.0,Messina,12.0,4.0,100.0
497,Inter,646.0,Milan,61.0,34.0,59.80392156862745
498,Inter,646.0,Napoli,42.0,30.0,46.666666666666664
499,Inter,646.0,Novara,0.0,2.0,0.0
500,Inter,646.0,Palermo,41.0,22.0,62.121212121212125
501,Inter,646.0,Parma,44.0,24.0,61.111111111111114
502,Inter,646.0,Pescara,12.0,4.0,100.0
503,Inter,646.0,Reggina,22.0,8.0,91.66666666666666
504,Inter,646.0,Roma,44.0,34.0,43.13725490196079
505,Inter,646.0,Salernitana,6.0,2.0,100.0
506,Inter,646.0,Sampdoria,63.0,32.0,65.625
507,Inter,646.0,Sassuolo,26.0,18.0,48.148148148148145
508,Inter,646.0,Siena,30.0,14.0,71.42857142857143
509,Inter,646.0,Spal,16.0,6.0,88.88888888888889
510,Inter,646.0,Spezia,10.0,4.0,83.33333333333334
511,Inter,646.0,Torino,50.0,26.0,64.1025641025641
512,Inter,646.0,Treviso,6.0,2.0,100.0
513,Inter,646.0,Udinese,70.0,34.0,68.62745098039215
514,Inter,646.0,Venezia,6.0,2.0,100.0
515,Inter,646.0,Verona,36.0,14.0,85.71428571428571
516,Juventus,608.0,Ascoli,6.0,2.0,100.0
517,Juventus,608.0,Atalanta,62.0,28.0,73.80952380952381
518,Juventus,608.0,Bari,6.0,4.0,50.0
519,Juventus,608.0,Benevento,7.0,4.0,58.333333333333336
520,Juventus,608.0,Bologna,63.0,26.0,80.76923076923077
521,Juventus,608.0,Brescia,10.0,4.0,83.33333333333334
522,Juventus,608.0,Cagliari,71.0,30.0,78.88888888888889
523,Juventus,608.0,Carpi,6.0,2.0,100.0
524,Juventus,608.0,Catania,27.0,14.0,64.28571428571429
525,Juventus,608.0,Cesena,14.0,6.0,77.77777777777779
526,Juventus,608.0,Chievo,55.0,24.0,76.38888888888889
527,Juventus,608.0,Crotone,14.0,6.0,77.77777777777779
528,Juventus,608.0,Empoli,37.0,14.0,88.09523809523809
529,Juventus,608.0,Fiorentina,61.0,32.0,63.541666666666664
530,Juventus,608.0,Frosinone,10.0,4.0,83.33333333333334
531,Juventus,608.0,Genoa,65.0,30.0,72.22222222222221
532,Juventus,608.0,Inter,60.0,32.0,62.5
533,Juventus,608.0,Lazio,74.0,32.0,77.08333333333334
534,Juventus,608.0,Lecce,21.0,10.0,70.0
535,Juventus,608.0,Livorno,22.0,8.0,91.66666666666666
536,Juventus,608.0,Messina,4.0,2.0,66.66666666666666
537,Juventus,608.0,Milan,60.0,32.0,62.5
538,Juventus,608.0,Napoli,47.0,30.0,52.22222222222223
539,Juventus,608.0,Novara,6.0,2.0,100.0
540,Juventus,608.0,Palermo,42.0,20.0,70.0
541,Juventus,608.0,Parma,44.0,22.0,66.66666666666666
542,Juventus,608.0,Pescara,12.0,4.0,100.0
543,Juventus,608.0,Reggina,13.0,6.0,72.22222222222221
544,Juventus,608.0,Roma,64.0,32.0,66.66666666666666
545,Juventus,608.0,Salernitana,6.0,2.0,100.0
546,Juventus,608.0,Sampdoria,61.0,30.0,67.77777777777779
547,Juventus,608.0,Sassuolo,42.0,18.0,77.77777777777779
548,Juventus,608.0,Siena,29.0,12.0,80.55555555555556
549,Juventus,608.0,Spal,13.0,6.0,72.22222222222221
550,Juventus,608.0,Spezia,12.0,4.0,100.0
551,Juventus,608.0,Torino,59.0,24.0,81.94444444444444
552,Juventus,608.0,Treviso,4.0,2.0,66.66666666666666
553,Juventus,608.0,Udinese,70.0,32.0,72.91666666666666
554,Juventus,608.0,Venezia,4.0,2.0,66.66666666666666
555,Juventus,608.0,Verona,25.0,14.0,59.523809523809526
556,Lazio,646.0,Ascoli,10.0,4.0,83.33333333333334
557,Lazio,646.0,Atalanta,43.0,30.0,47.77777777777778
558,Lazio,646.0,Bari,6.0,4.0,50.0
559,Lazio,646.0,Benevento,10.0,4.0,83.33333333333334
560,Lazio,646.0,Bologna,47.0,26.0,60.256410256410255
561,Lazio,646.0,Brescia,12.0,4.0,100.0
562,Lazio,646.0,Cagliari,69.0,32.0,71.875
563,Lazio,646.0,Carpi,4.0,2.0,66.66666666666666
564,Lazio,646.0,Catania,21.0,16.0,43.75
565,Lazio,646.0,Cesena,12.0,6.0,66.66666666666666
566,Lazio,646.0,Chievo,43.0,26.0,55.12820512820513
567,Lazio,646.0,Crotone,13.0,6.0,72.22222222222221
568,Lazio,646.0,Empoli,31.0,16.0,64.58333333333334
569,Lazio,646.0,Fiorentina,62.0,34.0,60.78431372549019
570,Lazio,646.0,Frosinone,10.0,4.0,83.33333333333334
571,Lazio,646.0,Genoa,47.0,30.0,52.22222222222223
572,Lazio,646.0,Inter,35.0,34.0,34.31372549019608
573,Lazio,646.0,Juventus,14.0,32.0,14.583333333333334
574,Lazio,646.0,Lecce,18.0,10.0,60.0
575,Lazio,646.0,Livorno,25.0,10.0,83.33333333333334
576,Lazio,646.0,Messina,10.0,4.0,83.33333333333334
577,Lazio,646.0,Milan,30.0,34.0,29.411764705882355
578,Lazio,646.0,Napoli,27.0,30.0,30.0
579,Lazio,646.0,Novara,3.0,2.0,50.0
580,Lazio,646.0,Palermo,38.0,22.0,57.57575757575758
581,Lazio,646.0,Parma,54.0,24.0,75.0
582,Lazio,646.0,Pescara,12.0,4.0,100.0
583,Lazio,646.0,Reggina,17.0,8.0,70.83333333333334
584,Lazio,646.0,Roma,38.0,34.0,37.254901960784316
585,Lazio,646.0,Salernitana,6.0,2.0,100.0
586,Lazio,646.0,Sampdoria,65.0,32.0,67.70833333333334
587,Lazio,646.0,Sassuolo,33.0,18.0,61.111111111111114
588,Lazio,646.0,Siena,20.0,14.0,47.61904761904761
589,Lazio,646.0,Spal,10.0,6.0,55.55555555555556
590,Lazio,646.0,Spezia,12.0,4.0,100.0
591,Lazio,646.0,Torino,44.0,26.0,56.41025641025641
592,Lazio,646.0,Treviso,6.0,2.0,100.0
593,Lazio,646.0,Udinese,60.0,34.0,58.82352941176471
594,Lazio,646.0,Venezia,6.0,2.0,100.0
595,Lazio,646.0,Verona,25.0,14.0,59.523809523809526
596,Lecce,190.0,Ascoli,1.0,2.0,16.666666666666664
597,Lecce,190.0,Atalanta,3.0,6.0,16.666666666666664
598,Lecce,190.0,Bari,3.0,2.0,50.0
599,Lecce,190.0,Bologna,5.0,8.0,20.833333333333336
600,Lecce,190.0,Brescia,7.0,4.0,58.333333333333336
601,Lecce,190.0,Cagliari,13.0,10.0,43.333333333333336
602,Lecce,190.0,Catania,10.0,6.0,55.55555555555556
603,Lecce,190.0,Cesena,5.0,4.0,41.66666666666667
604,Lecce,190.0,Chievo,9.0,8.0,37.5
605,Lecce,190.0,Empoli,0.0,2.0,0.0
606,Lecce,190.0,Fiorentina,14.0,10.0,46.666666666666664
607,Lecce,190.0,Genoa,3.0,8.0,12.5
608,Lecce,190.0,Inter,5.0,10.0,16.666666666666664
609,Lecce,190.0,Juventus,6.0,10.0,20.0
610,Lecce,190.0,Lazio,9.0,10.0,30.0
611,Lecce,190.0,Livorno,1.0,2.0,16.666666666666664
612,Lecce,190.0,Messina,0.0,2.0,0.0
613,Lecce,190.0,Milan,6.0,10.0,20.0
614,Lecce,190.0,Napoli,7.0,8.0,29.166666666666668
615,Lecce,190.0,Novara,2.0,2.0,33.33333333333333
616,Lecce,190.0,Palermo,6.0,8.0,25.0
617,Lecce,190.0,Parma,5.0,8.0,20.833333333333336
618,Lecce,190.0,Reggina,2.0,4.0,16.666666666666664
619,Lecce,190.0,Roma,4.0,10.0,13.333333333333334
620,Lecce,190.0,Sampdoria,7.0,8.0,29.166666666666668
621,Lecce,190.0,Sassuolo,1.0,2.0,16.666666666666664
622,Lecce,190.0,Siena,13.0,6.0,72.22222222222221
623,Lecce,190.0,Spal,6.0,2.0,100.0
624,Lecce,190.0,Torino,7.0,4.0,58.333333333333336
625,Lecce,190.0,Treviso,1.0,2.0,16.666666666666664
626,Lecce,190.0,Udinese,10.0,10.0,33.33333333333333
627,Lecce,190.0,Verona,0.0,2.0,0.0
628,Livorno,190.0,Ascoli,8.0,4.0,66.66666666666666
629,Livorno,190.0,Atalanta,10.0,8.0,41.66666666666667
630,Livorno,190.0,Bari,1.0,2.0,16.666666666666664
631,Livorno,190.0,Bologna,3.0,4.0,25.0
632,Livorno,190.0,Cagliari,11.0,10.0,36.666666666666664
633,Livorno,190.0,Catania,16.0,8.0,66.66666666666666
634,Livorno,190.0,Chievo,1.0,8.0,4.166666666666666
635,Livorno,190.0,Empoli,8.0,6.0,44.44444444444444
636,Livorno,190.0,Fiorentina,6.0,10.0,20.0
637,Livorno,190.0,Genoa,7.0,6.0,38.88888888888889
638,Livorno,190.0,Inter,3.0,10.0,10.0
639,Livorno,190.0,Juventus,1.0,8.0,4.166666666666666
640,Livorno,190.0,Lazio,4.0,10.0,13.333333333333334
641,Livorno,190.0,Lecce,4.0,2.0,66.66666666666666
642,Livorno,190.0,Messina,8.0,4.0,66.66666666666666
643,Livorno,190.0,Milan,5.0,10.0,16.666666666666664
644,Livorno,190.0,Napoli,1.0,6.0,5.555555555555555
645,Livorno,190.0,Palermo,6.0,8.0,25.0
646,Livorno,190.0,Parma,10.0,10.0,33.33333333333333
647,Livorno,190.0,Reggina,10.0,6.0,55.55555555555556
648,Livorno,190.0,Roma,8.0,10.0,26.666666666666668
649,Livorno,190.0,Sampdoria,13.0,10.0,43.333333333333336
650,Livorno,190.0,Sassuolo,6.0,2.0,100.0
651,Livorno,190.0,Siena,9.0,8.0,37.5
652,Livorno,190.0,Torino,6.0,6.0,33.33333333333333
653,Livorno,190.0,Treviso,4.0,2.0,66.66666666666666
654,Livorno,190.0,Udinese,7.0,10.0,23.333333333333332
655,Livorno,190.0,Verona,0.0,2.0,0.0
656,Messina,76.0,Ascoli,2.0,4.0,16.666666666666664
657,Messina,76.0,Atalanta,1.0,2.0,16.666666666666664
658,Messina,76.0,Cagliari,5.0,4.0,41.66666666666667
659,Messina,76.0,Catania,2.0,2.0,33.33333333333333
660,Messina,76.0,Chievo,7.0,4.0,58.333333333333336
661,Messina,76.0,Empoli,4.0,4.0,33.33333333333333
662,Messina,76.0,Fiorentina,2.0,4.0,16.666666666666664
663,Messina,76.0,Inter,0.0,4.0,0.0
664,Messina,76.0,Juventus,1.0,2.0,16.666666666666664
665,Messina,76.0,Lazio,1.0,4.0,8.333333333333332
666,Messina,76.0,Lecce,6.0,2.0,100.0
667,Messina,76.0,Livorno,2.0,4.0,16.666666666666664
668,Messina,76.0,Milan,0.0,4.0,0.0
669,Messina,76.0,Palermo,4.0,4.0,33.33333333333333
670,Messina,76.0,Parma,2.0,4.0,16.666666666666664
671,Messina,76.0,Reggina,4.0,4.0,33.33333333333333
672,Messina,76.0,Roma,1.0,4.0,8.333333333333332
673,Messina,76.0,Sampdoria,0.0,4.0,0.0
674,Messina,76.0,Siena,4.0,4.0,33.33333333333333
675,Messina,76.0,Torino,1.0,2.0,16.666666666666664
676,Messina,76.0,Treviso,4.0,2.0,66.66666666666666
677,Messina,76.0,Udinese,4.0,4.0,33.33333333333333
678,Milan,646.0,Ascoli,10.0,4.0,83.33333333333334
679,Milan,646.0,Atalanta,46.0,30.0,51.11111111111111
680,Milan,646.0,Bari,8.0,4.0,66.66666666666666
681,Milan,646.0,Benevento,7.0,4.0,58.333333333333336
682,Milan,646.0,Bologna,60.0,26.0,76.92307692307693
683,Milan,646.0,Brescia,12.0,4.0,100.0
684,Milan,646.0,Cagliari,81.0,32.0,84.375
685,Milan,646.0,Carpi,2.0,2.0,33.33333333333333
686,Milan,646.0,Catania,36.0,16.0,75.0
687,Milan,646.0,Cesena,13.0,6.0,72.22222222222221
688,Milan,646.0,Chievo,69.0,26.0,88.46153846153845
689,Milan,646.0,Crotone,16.0,6.0,88.88888888888889
690,Milan,646.0,Empoli,32.0,16.0,66.66666666666666
691,Milan,646.0,Fiorentina,57.0,34.0,55.88235294117647
692,Milan,646.0,Frosinone,8.0,4.0,66.66666666666666
693,Milan,646.0,Genoa,59.0,30.0,65.55555555555556
694,Milan,646.0,Inter,34.0,34.0,33.33333333333333
695,Milan,646.0,Juventus,30.0,32.0,31.25
696,Milan,646.0,Lazio,60.0,34.0,58.82352941176471
697,Milan,646.0,Lecce,21.0,10.0,70.0
698,Milan,646.0,Livorno,20.0,10.0,66.66666666666666
699,Milan,646.0,Messina,12.0,4.0,100.0
700,Milan,646.0,Napoli,32.0,30.0,35.55555555555556
701,Milan,646.0,Novara,6.0,2.0,100.0
702,Milan,646.0,Palermo,41.0,22.0,62.121212121212125
703,Milan,646.0,Parma,53.0,24.0,73.61111111111111
704,Milan,646.0,Pescara,10.0,4.0,83.33333333333334
705,Milan,646.0,Reggina,19.0,8.0,79.16666666666666
706,Milan,646.0,Roma,43.0,34.0,42.15686274509804
707,Milan,646.0,Salernitana,4.0,2.0,66.66666666666666
708,Milan,646.0,Sampdoria,56.0,32.0,58.333333333333336
709,Milan,646.0,Sassuolo,32.0,18.0,59.25925925925925
710,Milan,646.0,Siena,38.0,14.0,90.47619047619048
711,Milan,646.0,Spal,16.0,6.0,88.88888888888889
712,Milan,646.0,Spezia,6.0,4.0,50.0
713,Milan,646.0,Torino,48.0,26.0,61.53846153846154
714,Milan,646.0,Treviso,6.0,2.0,100.0
715,Milan,646.0,Udinese,57.0,34.0,55.88235294117647
716,Milan,646.0,Venezia,6.0,2.0,100.0
717,Milan,646.0,Verona,25.0,14.0,59.523809523809526
718,Napoli,570.0,Atalanta,41.0,28.0,48.80952380952381
719,Napoli,570.0,Bari,10.0,4.0,83.33333333333334
720,Napoli,570.0,Benevento,12.0,4.0,100.0
721,Napoli,570.0,Bologna,52.0,26.0,66.66666666666666
722,Napoli,570.0,Brescia,10.0,4.0,83.33333333333334
723,Napoli,570.0,Cagliari,56.0,28.0,66.66666666666666
724,Napoli,570.0,Carpi,4.0,2.0,66.66666666666666
725,Napoli,570.0,Catania,25.0,14.0,59.523809523809526
726,Napoli,570.0,Cesena,16.0,6.0,88.88888888888889
727,Napoli,570.0,Chievo,42.0,22.0,63.63636363636363
728,Napoli,570.0,Crotone,18.0,6.0,100.0
729,Napoli,570.0,Empoli,15.0,12.0,41.66666666666667
730,Napoli,570.0,Fiorentina,53.0,30.0,58.88888888888889
731,Napoli,570.0,Frosinone,12.0,4.0,100.0
732,Napoli,570.0,Genoa,57.0,30.0,63.33333333333333
733,Napoli,570.0,Inter,39.0,30.0,43.333333333333336
734,Napoli,570.0,Juventus,38.0,30.0,42.22222222222222
735,Napoli,570.0,Lazio,57.0,30.0,63.33333333333333
736,Napoli,570.0,Lecce,16.0,8.0,66.66666666666666
737,Napoli,570.0,Livorno,16.0,6.0,88.88888888888889
738,Napoli,570.0,Milan,47.0,30.0,52.22222222222223
739,Napoli,570.0,Novara,4.0,2.0,66.66666666666666
740,Napoli,570.0,Palermo,33.0,18.0,61.111111111111114
741,Napoli,570.0,Parma,38.0,20.0,63.33333333333333
742,Napoli,570.0,Pescara,10.0,4.0,83.33333333333334
743,Napoli,570.0,Reggina,6.0,4.0,50.0
744,Napoli,570.0,Roma,41.0,30.0,45.55555555555556
745,Napoli,570.0,Salernitana,6.0,2.0,100.0
746,Napoli,570.0,Sampdoria,67.0,28.0,79.76190476190477
747,Napoli,570.0,Sassuolo,34.0,18.0,62.96296296296296
748,Napoli,570.0,Siena,19.0,10.0,63.33333333333333
749,Napoli,570.0,Spal,16.0,6.0,88.88888888888889
750,Napoli,570.0,Spezia,6.0,4.0,50.0
751,Napoli,570.0,Torino,48.0,24.0,66.66666666666666
752,Napoli,570.0,Udinese,59.0,30.0,65.55555555555556
753,Napoli,570.0,Venezia,6.0,2.0,100.0
754,Napoli,570.0,Verona,32.0,14.0,76.19047619047619
755,Novara,38.0,Atalanta,1.0,2.0,16.666666666666664
756,Novara,38.0,Bologna,0.0,2.0,0.0
757,Novara,38.0,Cagliari,1.0,2.0,16.666666666666664
758,Novara,38.0,Catania,1.0,2.0,16.666666666666664
759,Novara,38.0,Cesena,3.0,2.0,50.0
760,Novara,38.0,Chievo,1.0,2.0,16.666666666666664
761,Novara,38.0,Fiorentina,1.0,2.0,16.666666666666664
762,Novara,38.0,Genoa,1.0,2.0,16.666666666666664
763,Novara,38.0,Inter,6.0,2.0,100.0
764,Novara,38.0,Juventus,0.0,2.0,0.0
765,Novara,38.0,Lazio,3.0,2.0,50.0
766,Novara,38.0,Lecce,2.0,2.0,33.33333333333333
767,Novara,38.0,Milan,0.0,2.0,0.0
768,Novara,38.0,Napoli,1.0,2.0,16.666666666666664
769,Novara,38.0,Palermo,1.0,2.0,16.666666666666664
770,Novara,38.0,Parma,3.0,2.0,50.0
771,Novara,38.0,Roma,0.0,2.0,0.0
772,Novara,38.0,Siena,4.0,2.0,66.66666666666666
773,Novara,38.0,Udinese,3.0,2.0,50.0
774,Palermo,418.0,Ascoli,5.0,4.0,41.66666666666667
775,Palermo,418.0,Atalanta,23.0,18.0,42.592592592592595
776,Palermo,418.0,Bari,5.0,4.0,41.66666666666667
777,Palermo,418.0,Bologna,22.0,14.0,52.38095238095239
778,Palermo,418.0,Brescia,3.0,2.0,50.0
779,Palermo,418.0,Cagliari,27.0,20.0,45.0
780,Palermo,418.0,Carpi,2.0,2.0,33.33333333333333
781,Palermo,418.0,Catania,18.0,14.0,42.857142857142854
782,Palermo,418.0,Cesena,9.0,6.0,50.0
783,Palermo,418.0,Chievo,25.0,20.0,41.66666666666667
784,Palermo,418.0,Crotone,4.0,2.0,66.66666666666666
785,Palermo,418.0,Empoli,12.0,12.0,33.33333333333333
786,Palermo,418.0,Fiorentina,27.0,22.0,40.909090909090914
787,Palermo,418.0,Frosinone,6.0,2.0,100.0
788,Palermo,418.0,Genoa,27.0,18.0,50.0
789,Palermo,418.0,Inter,17.0,22.0,25.757575757575758
790,Palermo,418.0,Juventus,18.0,20.0,30.0
791,Palermo,418.0,Lazio,23.0,22.0,34.84848484848485
792,Palermo,418.0,Lecce,15.0,8.0,62.5
793,Palermo,418.0,Livorno,18.0,8.0,75.0
794,Palermo,418.0,Messina,7.0,4.0,58.333333333333336
795,Palermo,418.0,Milan,23.0,22.0,34.84848484848485
796,Palermo,418.0,Napoli,18.0,18.0,33.33333333333333
797,Palermo,418.0,Novara,4.0,2.0,66.66666666666666
798,Palermo,418.0,Parma,16.0,16.0,33.33333333333333
799,Palermo,418.0,Pescara,2.0,4.0,16.666666666666664
800,Palermo,418.0,Reggina,14.0,8.0,58.333333333333336
801,Palermo,418.0,Roma,21.0,22.0,31.818181818181817
802,Palermo,418.0,Sampdoria,32.0,20.0,53.333333333333336
803,Palermo,418.0,Sassuolo,5.0,6.0,27.77777777777778
804,Palermo,418.0,Siena,21.0,14.0,50.0
805,Palermo,418.0,Torino,12.0,14.0,28.57142857142857
806,Palermo,418.0,Treviso,4.0,2.0,66.66666666666666
807,Palermo,418.0,Udinese,30.0,22.0,45.45454545454545
808,Palermo,418.0,Verona,9.0,4.0,75.0
809,Parma,456.0,Ascoli,5.0,4.0,41.66666666666667
810,Parma,456.0,Atalanta,18.0,20.0,30.0
811,Parma,456.0,Bari,7.0,4.0,58.333333333333336
812,Parma,456.0,Benevento,2.0,2.0,33.33333333333333
813,Parma,456.0,Bologna,17.0,16.0,35.41666666666667
814,Parma,456.0,Brescia,7.0,4.0,58.333333333333336
815,Parma,456.0,Cagliari,27.0,24.0,37.5
816,Parma,456.0,Catania,13.0,14.0,30.952380952380953
817,Parma,456.0,Cesena,6.0,6.0,33.33333333333333
818,Parma,456.0,Chievo,29.0,18.0,53.70370370370371
819,Parma,456.0,Crotone,0.0,2.0,0.0
820,Parma,456.0,Empoli,18.0,10.0,60.0
821,Parma,456.0,Fiorentina,24.0,24.0,33.33333333333333
822,Parma,456.0,Frosinone,1.0,2.0,16.666666666666664
823,Parma,456.0,Genoa,27.0,20.0,45.0
824,Parma,456.0,Inter,23.0,24.0,31.944444444444443
825,Parma,456.0,Juventus,17.0,22.0,25.757575757575758
826,Parma,456.0,Lazio,12.0,24.0,16.666666666666664
827,Parma,456.0,Lecce,17.0,8.0,70.83333333333334
828,Parma,456.0,Livorno,19.0,10.0,63.33333333333333
829,Parma,456.0,Messina,8.0,4.0,66.66666666666666
830,Parma,456.0,Milan,14.0,24.0,19.444444444444446
831,Parma,456.0,Napoli,20.0,20.0,33.33333333333333
832,Parma,456.0,Novara,3.0,2.0,50.0
833,Parma,456.0,Palermo,28.0,16.0,58.333333333333336
834,Parma,456.0,Pescara,3.0,2.0,50.0
835,Parma,456.0,Reggina,7.0,6.0,38.88888888888889
836,Parma,456.0,Roma,12.0,24.0,16.666666666666664
837,Parma,456.0,Sampdoria,26.0,22.0,39.39393939393939
838,Parma,456.0,Sassuolo,17.0,10.0,56.666666666666664
839,Parma,456.0,Siena,19.0,12.0,52.77777777777778
840,Parma,456.0,Spal,0.0,4.0,0.0
841,Parma,456.0,Spezia,2.0,2.0,33.33333333333333
842,Parma,456.0,Torino,26.0,16.0,54.166666666666664
843,Parma,456.0,Treviso,4.0,2.0,66.66666666666666
844,Parma,456.0,Udinese,33.0,24.0,45.83333333333333
845,Parma,456.0,Verona,7.0,8.0,29.166666666666668
846,Pescara,76.0,Atalanta,1.0,4.0,8.333333333333332
847,Pescara,76.0,Bologna,1.0,4.0,8.333333333333332
848,Pescara,76.0,Cagliari,4.0,4.0,33.33333333333333
849,Pescara,76.0,Catania,3.0,2.0,50.0
850,Pescara,76.0,Chievo,0.0,4.0,0.0
851,Pescara,76.0,Crotone,0.0,2.0,0.0
852,Pescara,76.0,Empoli,1.0,2.0,16.666666666666664
853,Pescara,76.0,Fiorentina,4.0,4.0,33.33333333333333
854,Pescara,76.0,Genoa,7.0,4.0,58.333333333333336
855,Pescara,76.0,Inter,0.0,4.0,0.0
856,Pescara,76.0,Juventus,0.0,4.0,0.0
857,Pescara,76.0,Lazio,0.0,4.0,0.0
858,Pescara,76.0,Milan,1.0,4.0,8.333333333333332
859,Pescara,76.0,Napoli,1.0,4.0,8.333333333333332
860,Pescara,76.0,Palermo,8.0,4.0,66.66666666666666
861,Pescara,76.0,Parma,3.0,2.0,50.0
862,Pescara,76.0,Roma,1.0,4.0,8.333333333333332
863,Pescara,76.0,Sampdoria,1.0,4.0,8.333333333333332
864,Pescara,76.0,Sassuolo,3.0,2.0,50.0
865,Pescara,76.0,Siena,0.0,2.0,0.0
866,Pescara,76.0,Torino,1.0,4.0,8.333333333333332
867,Pescara,76.0,Udinese,0.0,4.0,0.0
868,Reggina,152.0,Ascoli,10.0,4.0,83.33333333333334
869,Reggina,152.0,Atalanta,10.0,6.0,55.55555555555556
870,Reggina,152.0,Bologna,4.0,2.0,66.66666666666666
871,Reggina,152.0,Cagliari,20.0,8.0,83.33333333333334
872,Reggina,152.0,Catania,10.0,6.0,55.55555555555556
873,Reggina,152.0,Chievo,1.0,6.0,5.555555555555555
874,Reggina,152.0,Empoli,8.0,6.0,44.44444444444444
875,Reggina,152.0,Fiorentina,4.0,8.0,16.666666666666664
876,Reggina,152.0,Genoa,3.0,4.0,25.0
877,Reggina,152.0,Inter,1.0,8.0,4.166666666666666
878,Reggina,152.0,Juventus,4.0,6.0,22.22222222222222
879,Reggina,152.0,Lazio,5.0,8.0,20.833333333333336
880,Reggina,152.0,Lecce,8.0,4.0,66.66666666666666
881,Reggina,152.0,Livorno,4.0,6.0,22.22222222222222
882,Reggina,152.0,Messina,7.0,4.0,58.333333333333336
883,Reggina,152.0,Milan,4.0,8.0,16.666666666666664
884,Reggina,152.0,Napoli,3.0,4.0,25.0
885,Reggina,152.0,Palermo,5.0,8.0,20.833333333333336
886,Reggina,152.0,Parma,10.0,6.0,55.55555555555556
887,Reggina,152.0,Roma,4.0,8.0,16.666666666666664
888,Reggina,152.0,Sampdoria,7.0,8.0,29.166666666666668
889,Reggina,152.0,Siena,10.0,8.0,41.66666666666667
890,Reggina,152.0,Torino,7.0,6.0,38.88888888888889
891,Reggina,152.0,Treviso,3.0,2.0,50.0
892,Reggina,152.0,Udinese,11.0,8.0,45.83333333333333
893,Roma,646.0,Ascoli,5.0,4.0,41.66666666666667
894,Roma,646.0,Atalanta,49.0,30.0,54.44444444444444
895,Roma,646.0,Bari,12.0,4.0,100.0
896,Roma,646.0,Benevento,10.0,4.0,83.33333333333334
897,Roma,646.0,Bologna,50.0,26.0,64.1025641025641
898,Roma,646.0,Brescia,7.0,4.0,58.333333333333336
899,Roma,646.0,Cagliari,62.0,32.0,64.58333333333334
900,Roma,646.0,Carpi,6.0,2.0,100.0
901,Roma,646.0,Catania,26.0,16.0,54.166666666666664
902,Roma,646.0,Cesena,16.0,6.0,88.88888888888889
903,Roma,646.0,Chievo,52.0,26.0,66.66666666666666
904,Roma,646.0,Crotone,18.0,6.0,100.0
905,Roma,646.0,Empoli,36.0,16.0,75.0
906,Roma,646.0,Fiorentina,68.0,34.0,66.66666666666666
907,Roma,646.0,Frosinone,12.0,4.0,100.0
908,Roma,646.0,Genoa,67.0,30.0,74.44444444444444
909,Roma,646.0,Inter,44.0,34.0,43.13725490196079
910,Roma,646.0,Juventus,25.0,32.0,26.041666666666668
911,Roma,646.0,Lazio,56.0,34.0,54.90196078431373
912,Roma,646.0,Lecce,25.0,10.0,83.33333333333334
913,Roma,646.0,Livorno,17.0,10.0,56.666666666666664
914,Roma,646.0,Messina,10.0,4.0,83.33333333333334
915,Roma,646.0,Milan,49.0,34.0,48.03921568627451
916,Roma,646.0,Napoli,41.0,30.0,45.55555555555556
917,Roma,646.0,Novara,6.0,2.0,100.0
918,Roma,646.0,Palermo,42.0,22.0,63.63636363636363
919,Roma,646.0,Parma,57.0,24.0,79.16666666666666
920,Roma,646.0,Pescara,10.0,4.0,83.33333333333334
921,Roma,646.0,Reggina,19.0,8.0,79.16666666666666
922,Roma,646.0,Salernitana,6.0,2.0,100.0
923,Roma,646.0,Sampdoria,54.0,32.0,56.25
924,Roma,646.0,Sassuolo,35.0,18.0,64.81481481481481
925,Roma,646.0,Siena,28.0,14.0,66.66666666666666
926,Roma,646.0,Spal,12.0,6.0,66.66666666666666
927,Roma,646.0,Spezia,10.0,4.0,83.33333333333334
928,Roma,646.0,Torino,58.0,26.0,74.35897435897436
929,Roma,646.0,Treviso,6.0,2.0,100.0
930,Roma,646.0,Udinese,75.0,34.0,73.52941176470588
931,Roma,646.0,Venezia,1.0,2.0,16.666666666666664
932,Roma,646.0,Verona,29.0,14.0,69.04761904761905
933,Salernitana,38.0,Atalanta,1.0,2.0,16.666666666666664
934,Salernitana,38.0,Bologna,1.0,2.0,16.666666666666664
935,Salernitana,38.0,Cagliari,2.0,2.0,33.33333333333333
936,Salernitana,38.0,Empoli,1.0,2.0,16.666666666666664
937,Salernitana,38.0,Fiorentina,3.0,2.0,50.0
938,Salernitana,38.0,Genoa,4.0,2.0,66.66666666666666
939,Salernitana,38.0,Inter,0.0,2.0,0.0
940,Salernitana,38.0,Juventus,0.0,2.0,0.0
941,Salernitana,38.0,Lazio,0.0,2.0,0.0
942,Salernitana,38.0,Milan,1.0,2.0,16.666666666666664
943,Salernitana,38.0,Napoli,0.0,2.0,0.0
944,Salernitana,38.0,Roma,0.0,2.0,0.0
945,Salernitana,38.0,Sampdoria,3.0,2.0,50.0
946,Salernitana,38.0,Sassuolo,1.0,2.0,16.666666666666664
947,Salernitana,38.0,Spezia,1.0,2.0,16.666666666666664
948,Salernitana,38.0,Torino,0.0,2.0,0.0
949,Salernitana,38.0,Udinese,3.0,2.0,50.0
950,Salernitana,38.0,Venezia,6.0,2.0,100.0
951,Salernitana,38.0,Verona,4.0,2.0,66.66666666666666
952,Sampdoria,608.0,Ascoli,4.0,4.0,33.33333333333333
953,Sampdoria,608.0,Atalanta,42.0,28.0,50.0
954,Sampdoria,608.0,Bari,7.0,4.0,58.333333333333336
955,Sampdoria,608.0,Benevento,4.0,4.0,33.33333333333333
956,Sampdoria,608.0,Bologna,29.0,24.0,40.27777777777778
957,Sampdoria,608.0,Brescia,5.0,4.0,41.66666666666667
958,Sampdoria,608.0,Cagliari,30.0,30.0,33.33333333333333
959,Sampdoria,608.0,Carpi,3.0,2.0,50.0
960,Sampdoria,608.0,Catania,18.0,14.0,42.857142857142854
961,Sampdoria,608.0,Cesena,5.0,4.0,41.66666666666667
962,Sampdoria,608.0,Chievo,36.0,24.0,50.0
963,Sampdoria,608.0,Crotone,10.0,6.0,55.55555555555556
964,Sampdoria,608.0,Empoli,28.0,16.0,58.333333333333336
965,Sampdoria,608.0,Fiorentina,38.0,32.0,39.58333333333333
966,Sampdoria,608.0,Frosinone,6.0,4.0,50.0
967,Sampdoria,608.0,Genoa,46.0,28.0,54.761904761904766
968,Sampdoria,608.0,Inter,24.0,32.0,25.0
969,Sampdoria,608.0,Juventus,22.0,30.0,24.444444444444443
970,Sampdoria,608.0,Lazio,26.0,32.0,27.083333333333332
971,Sampdoria,608.0,Lecce,16.0,8.0,66.66666666666666
972,Sampdoria,608.0,Livorno,16.0,10.0,53.333333333333336
973,Sampdoria,608.0,Messina,12.0,4.0,100.0
974,Sampdoria,608.0,Milan,32.0,32.0,33.33333333333333
975,Sampdoria,608.0,Napoli,13.0,28.0,15.476190476190476
976,Sampdoria,608.0,Palermo,20.0,20.0,33.33333333333333
977,Sampdoria,608.0,Parma,35.0,22.0,53.03030303030303
978,Sampdoria,608.0,Pescara,10.0,4.0,83.33333333333334
979,Sampdoria,608.0,Reggina,16.0,8.0,66.66666666666666
980,Sampdoria,608.0,Roma,33.0,32.0,34.375
981,Sampdoria,608.0,Salernitana,3.0,2.0,50.0
982,Sampdoria,608.0,Sassuolo,18.0,18.0,33.33333333333333
983,Sampdoria,608.0,Siena,22.0,12.0,61.111111111111114
984,Sampdoria,608.0,Spal,15.0,6.0,83.33333333333334
985,Sampdoria,608.0,Spezia,4.0,4.0,33.33333333333333
986,Sampdoria,608.0,Torino,36.0,26.0,46.15384615384615
987,Sampdoria,608.0,Treviso,4.0,2.0,66.66666666666666
988,Sampdoria,608.0,Udinese,46.0,32.0,47.91666666666667
989,Sampdoria,608.0,Venezia,4.0,2.0,66.66666666666666
990,Sampdoria,608.0,Verona,30.0,14.0,71.42857142857143
991,Sassuolo,342.0,Atalanta,14.0,18.0,25.925925925925924
992,Sassuolo,342.0,Benevento,10.0,4.0,83.33333333333334
993,Sassuolo,342.0,Bologna,22.0,16.0,45.83333333333333
994,Sassuolo,342.0,Brescia,6.0,2.0,100.0
995,Sassuolo,342.0,Cagliari,19.0,16.0,39.58333333333333
996,Sassuolo,342.0,Carpi,6.0,2.0,100.0
997,Sassuolo,342.0,Catania,4.0,2.0,66.66666666666666
998,Sassuolo,342.0,Cesena,4.0,2.0,66.66666666666666
999,Sassuolo,342.0,Chievo,17.0,12.0,47.22222222222222
1000,Sassuolo,342.0,Crotone,13.0,6.0,72.22222222222221
1001,Sassuolo,342.0,Empoli,18.0,10.0,60.0
1002,Sassuolo,342.0,Fiorentina,24.0,18.0,44.44444444444444
1003,Sassuolo,342.0,Frosinone,8.0,4.0,66.66666666666666
1004,Sassuolo,342.0,Genoa,29.0,18.0,53.70370370370371
1005,Sassuolo,342.0,Inter,26.0,18.0,48.148148148148145
1006,Sassuolo,342.0,Juventus,9.0,18.0,16.666666666666664
1007,Sassuolo,342.0,Lazio,18.0,18.0,33.33333333333333
1008,Sassuolo,342.0,Lecce,4.0,2.0,66.66666666666666
1009,Sassuolo,342.0,Livorno,0.0,2.0,0.0
1010,Sassuolo,342.0,Milan,20.0,18.0,37.03703703703704
1011,Sassuolo,342.0,Napoli,13.0,18.0,24.074074074074073
1012,Sassuolo,342.0,Palermo,11.0,6.0,61.111111111111114
1013,Sassuolo,342.0,Parma,11.0,10.0,36.666666666666664
1014,Sassuolo,342.0,Pescara,3.0,2.0,50.0
1015,Sassuolo,342.0,Roma,11.0,18.0,20.37037037037037
1016,Sassuolo,342.0,Salernitana,4.0,2.0,66.66666666666666
1017,Sassuolo,342.0,Sampdoria,30.0,18.0,55.55555555555556
1018,Sassuolo,342.0,Spal,14.0,6.0,77.77777777777779
1019,Sassuolo,342.0,Spezia,7.0,4.0,58.333333333333336
1020,Sassuolo,342.0,Torino,16.0,18.0,29.629629629629626
1021,Sassuolo,342.0,Udinese,19.0,18.0,35.18518518518518
1022,Sassuolo,342.0,Venezia,6.0,2.0,100.0
1023,Sassuolo,342.0,Verona,23.0,14.0,54.761904761904766
1024,Siena,266.0,Ascoli,5.0,4.0,41.66666666666667
1025,Siena,266.0,Atalanta,10.0,12.0,27.77777777777778
1026,Siena,266.0,Bari,3.0,2.0,50.0
1027,Siena,266.0,Bologna,12.0,8.0,50.0
1028,Siena,266.0,Cagliari,20.0,14.0,47.61904761904761
1029,Siena,266.0,Catania,13.0,12.0,36.11111111111111
1030,Siena,266.0,Cesena,6.0,2.0,100.0
1031,Siena,266.0,Chievo,18.0,12.0,50.0
1032,Siena,266.0,Empoli,12.0,6.0,66.66666666666666
1033,Siena,266.0,Fiorentina,9.0,14.0,21.428571428571427
1034,Siena,266.0,Genoa,12.0,10.0,40.0
1035,Siena,266.0,Inter,9.0,14.0,21.428571428571427
1036,Siena,266.0,Juventus,5.0,12.0,13.88888888888889
1037,Siena,266.0,Lazio,17.0,14.0,40.476190476190474
1038,Siena,266.0,Lecce,4.0,6.0,22.22222222222222
1039,Siena,266.0,Livorno,9.0,8.0,37.5
1040,Siena,266.0,Messina,7.0,4.0,58.333333333333336
1041,Siena,266.0,Milan,2.0,14.0,4.761904761904762
1042,Siena,266.0,Napoli,7.0,10.0,23.333333333333332
1043,Siena,266.0,Novara,1.0,2.0,16.666666666666664
1044,Siena,266.0,Palermo,18.0,14.0,42.857142857142854
1045,Siena,266.0,Parma,10.0,12.0,27.77777777777778
1046,Siena,266.0,Pescara,6.0,2.0,100.0
1047,Siena,266.0,Reggina,10.0,8.0,41.66666666666667
1048,Siena,266.0,Roma,13.0,14.0,30.952380952380953
1049,Siena,266.0,Sampdoria,10.0,12.0,27.77777777777778
1050,Siena,266.0,Torino,12.0,8.0,50.0
1051,Siena,266.0,Treviso,6.0,2.0,100.0
1052,Siena,266.0,Udinese,13.0,14.0,30.952380952380953
1053,Spal,114.0,Atalanta,8.0,6.0,44.44444444444444
1054,Spal,114.0,Benevento,6.0,2.0,100.0
1055,Spal,114.0,Bologna,7.0,6.0,38.88888888888889
1056,Spal,114.0,Brescia,0.0,2.0,0.0
1057,Spal,114.0,Cagliari,1.0,6.0,5.555555555555555
1058,Spal,114.0,Chievo,5.0,4.0,41.66666666666667
1059,Spal,114.0,Crotone,4.0,2.0,66.66666666666666
1060,Spal,114.0,Empoli,4.0,2.0,66.66666666666666
1061,Spal,114.0,Fiorentina,2.0,6.0,11.11111111111111
1062,Spal,114.0,Frosinone,3.0,2.0,50.0
1063,Spal,114.0,Genoa,7.0,6.0,38.88888888888889
1064,Spal,114.0,Inter,1.0,6.0,5.555555555555555
1065,Spal,114.0,Juventus,4.0,6.0,22.22222222222222
1066,Spal,114.0,Lazio,7.0,6.0,38.88888888888889
1067,Spal,114.0,Lecce,0.0,2.0,0.0
1068,Spal,114.0,Milan,1.0,6.0,5.555555555555555
1069,Spal,114.0,Napoli,1.0,6.0,5.555555555555555
1070,Spal,114.0,Parma,12.0,4.0,100.0
1071,Spal,114.0,Roma,6.0,6.0,33.33333333333333
1072,Spal,114.0,Sampdoria,3.0,6.0,16.666666666666664
1073,Spal,114.0,Sassuolo,2.0,6.0,11.11111111111111
1074,Spal,114.0,Torino,6.0,6.0,33.33333333333333
1075,Spal,114.0,Udinese,6.0,6.0,33.33333333333333
1076,Spal,114.0,Verona,4.0,4.0,33.33333333333333
1077,Spezia,76.0,Atalanta,1.0,4.0,8.333333333333332
1078,Spezia,76.0,Benevento,4.0,2.0,66.66666666666666
1079,Spezia,76.0,Bologna,1.0,4.0,8.333333333333332
1080,Spezia,76.0,Cagliari,8.0,4.0,66.66666666666666
1081,Spezia,76.0,Crotone,3.0,2.0,50.0
1082,Spezia,76.0,Empoli,2.0,2.0,33.33333333333333
1083,Spezia,76.0,Fiorentina,1.0,4.0,8.333333333333332
1084,Spezia,76.0,Genoa,4.0,4.0,33.33333333333333
1085,Spezia,76.0,Inter,1.0,4.0,8.333333333333332
1086,Spezia,76.0,Juventus,0.0,4.0,0.0
1087,Spezia,76.0,Lazio,0.0,4.0,0.0
1088,Spezia,76.0,Milan,6.0,4.0,50.0
1089,Spezia,76.0,Napoli,6.0,4.0,50.0
1090,Spezia,76.0,Parma,2.0,2.0,33.33333333333333
1091,Spezia,76.0,Roma,1.0,4.0,8.333333333333332
1092,Spezia,76.0,Salernitana,4.0,2.0,66.66666666666666
1093,Spezia,76.0,Sampdoria,7.0,4.0,58.333333333333336
1094,Spezia,76.0,Sassuolo,4.0,4.0,33.33333333333333
1095,Spezia,76.0,Torino,7.0,4.0,58.333333333333336
1096,Spezia,76.0,Udinese,6.0,4.0,50.0
1097,Spezia,76.0,Venezia,6.0,2.0,100.0
1098,Spezia,76.0,Verona,1.0,4.0,8.333333333333332
1099,Torino,494.0,Ascoli,6.0,2.0,100.0
1100,Torino,494.0,Atalanta,40.0,26.0,51.28205128205128
1101,Torino,494.0,Benevento,8.0,4.0,66.66666666666666
1102,Torino,494.0,Bologna,32.0,20.0,53.333333333333336
1103,Torino,494.0,Brescia,6.0,2.0,100.0
1104,Torino,494.0,Cagliari,34.0,24.0,47.22222222222222
1105,Torino,494.0,Carpi,1.0,2.0,16.666666666666664
1106,Torino,494.0,Catania,19.0,10.0,63.33333333333333
1107,Torino,494.0,Cesena,6.0,2.0,100.0
1108,Torino,494.0,Chievo,33.0,18.0,61.111111111111114
1109,Torino,494.0,Crotone,9.0,6.0,50.0
1110,Torino,494.0,Empoli,15.0,14.0,35.714285714285715
1111,Torino,494.0,Fiorentina,21.0,26.0,26.923076923076923
1112,Torino,494.0,Frosinone,12.0,4.0,100.0
1113,Torino,494.0,Genoa,37.0,24.0,51.388888888888886
1114,Torino,494.0,Inter,20.0,26.0,25.64102564102564
1115,Torino,494.0,Juventus,8.0,24.0,11.11111111111111
1116,Torino,494.0,Lazio,23.0,26.0,29.48717948717949
1117,Torino,494.0,Lecce,4.0,4.0,33.33333333333333
1118,Torino,494.0,Livorno,9.0,6.0,50.0
1119,Torino,494.0,Messina,4.0,2.0,66.66666666666666
1120,Torino,494.0,Milan,18.0,26.0,23.076923076923077
1121,Torino,494.0,Napoli,18.0,24.0,25.0
1122,Torino,494.0,Palermo,24.0,14.0,57.14285714285714
1123,Torino,494.0,Parma,17.0,16.0,35.41666666666667
1124,Torino,494.0,Pescara,10.0,4.0,83.33333333333334
1125,Torino,494.0,Reggina,7.0,6.0,38.88888888888889
1126,Torino,494.0,Roma,16.0,26.0,20.51282051282051
1127,Torino,494.0,Salernitana,6.0,2.0,100.0
1128,Torino,494.0,Sampdoria,33.0,26.0,42.30769230769231
1129,Torino,494.0,Sassuolo,31.0,18.0,57.407407407407405
1130,Torino,494.0,Siena,9.0,8.0,37.5
1131,Torino,494.0,Spal,9.0,6.0,50.0
1132,Torino,494.0,Spezia,4.0,4.0,33.33333333333333
1133,Torino,494.0,Udinese,37.0,26.0,47.43589743589743
1134,Torino,494.0,Venezia,1.0,2.0,16.666666666666664
1135,Torino,494.0,Verona,20.0,14.0,47.61904761904761
1136,Treviso,38.0,Ascoli,1.0,2.0,16.666666666666664
1137,Treviso,38.0,Cagliari,1.0,2.0,16.666666666666664
1138,Treviso,38.0,Chievo,1.0,2.0,16.666666666666664
1139,Treviso,38.0,Empoli,1.0,2.0,16.666666666666664
1140,Treviso,38.0,Fiorentina,0.0,2.0,0.0
1141,Treviso,38.0,Inter,0.0,2.0,0.0
1142,Treviso,38.0,Juventus,1.0,2.0,16.666666666666664
1143,Treviso,38.0,Lazio,0.0,2.0,0.0
1144,Treviso,38.0,Lecce,4.0,2.0,66.66666666666666
1145,Treviso,38.0,Livorno,1.0,2.0,16.666666666666664
1146,Treviso,38.0,Messina,1.0,2.0,16.666666666666664
1147,Treviso,38.0,Milan,0.0,2.0,0.0
1148,Treviso,38.0,Palermo,1.0,2.0,16.666666666666664
1149,Treviso,38.0,Parma,1.0,2.0,16.666666666666664
1150,Treviso,38.0,Reggina,3.0,2.0,50.0
1151,Treviso,38.0,Roma,0.0,2.0,0.0
1152,Treviso,38.0,Sampdoria,1.0,2.0,16.666666666666664
1153,Treviso,38.0,Siena,0.0,2.0,0.0
1154,Treviso,38.0,Udinese,4.0,2.0,66.66666666666666
1155,Udinese,646.0,Ascoli,4.0,4.0,33.33333333333333
1156,Udinese,646.0,Atalanta,35.0,30.0,38.88888888888889
1157,Udinese,646.0,Bari,7.0,4.0,58.333333333333336
1158,Udinese,646.0,Benevento,7.0,4.0,58.333333333333336
1159,Udinese,646.0,Bologna,43.0,26.0,55.12820512820513
1160,Udinese,646.0,Brescia,5.0,4.0,41.66666666666667
1161,Udinese,646.0,Cagliari,54.0,32.0,56.25
1162,Udinese,646.0,Carpi,0.0,2.0,0.0
1163,Udinese,646.0,Catania,24.0,16.0,50.0
1164,Udinese,646.0,Cesena,13.0,6.0,72.22222222222221
1165,Udinese,646.0,Chievo,40.0,26.0,51.28205128205128
1166,Udinese,646.0,Crotone,10.0,6.0,55.55555555555556
1167,Udinese,646.0,Empoli,25.0,16.0,52.083333333333336
1168,Udinese,646.0,Fiorentina,38.0,34.0,37.254901960784316
1169,Udinese,646.0,Frosinone,7.0,4.0,58.333333333333336
1170,Udinese,646.0,Genoa,41.0,30.0,45.55555555555556
1171,Udinese,646.0,Inter,25.0,34.0,24.509803921568626
1172,Udinese,646.0,Juventus,22.0,32.0,22.916666666666664
1173,Udinese,646.0,Lazio,33.0,34.0,32.35294117647059
1174,Udinese,646.0,Lecce,19.0,10.0,63.33333333333333
1175,Udinese,646.0,Livorno,22.0,10.0,73.33333333333333
1176,Udinese,646.0,Messina,7.0,4.0,58.333333333333336
1177,Udinese,646.0,Milan,36.0,34.0,35.294117647058826
1178,Udinese,646.0,Napoli,23.0,30.0,25.555555555555554
1179,Udinese,646.0,Novara,3.0,2.0,50.0
1180,Udinese,646.0,Palermo,30.0,22.0,45.45454545454545
1181,Udinese,646.0,Parma,33.0,24.0,45.83333333333333
1182,Udinese,646.0,Pescara,12.0,4.0,100.0
1183,Udinese,646.0,Reggina,11.0,8.0,45.83333333333333
1184,Udinese,646.0,Roma,24.0,34.0,23.52941176470588
1185,Udinese,646.0,Salernitana,3.0,2.0,50.0
1186,Udinese,646.0,Sampdoria,40.0,32.0,41.66666666666667
1187,Udinese,646.0,Sassuolo,28.0,18.0,51.85185185185185
1188,Udinese,646.0,Siena,25.0,14.0,59.523809523809526
1189,Udinese,646.0,Spal,9.0,6.0,50.0
1190,Udinese,646.0,Spezia,6.0,4.0,50.0
1191,Udinese,646.0,Torino,37.0,26.0,47.43589743589743
1192,Udinese,646.0,Treviso,1.0,2.0,16.666666666666664
1193,Udinese,646.0,Venezia,6.0,2.0,100.0
1194,Udinese,646.0,Verona,20.0,14.0,47.61904761904761
1195,Venezia,38.0,Atalanta,0.0,2.0,0.0
1196,Venezia,38.0,Bologna,6.0,2.0,100.0
1197,Venezia,38.0,Cagliari,2.0,2.0,33.33333333333333
1198,Venezia,38.0,Empoli,4.0,2.0,66.66666666666666
1199,Venezia,38.0,Fiorentina,3.0,2.0,50.0
1200,Venezia,38.0,Genoa,2.0,2.0,33.33333333333333
1201,Venezia,38.0,Inter,0.0,2.0,0.0
1202,Venezia,38.0,Juventus,1.0,2.0,16.666666666666664
1203,Venezia,38.0,Lazio,0.0,2.0,0.0
1204,Venezia,38.0,Milan,0.0,2.0,0.0
1205,Venezia,38.0,Napoli,0.0,2.0,0.0
1206,Venezia,38.0,Roma,4.0,2.0,66.66666666666666
1207,Venezia,38.0,Salernitana,0.0,2.0,0.0
1208,Venezia,38.0,Sampdoria,1.0,2.0,16.666666666666664
1209,Venezia,38.0,Sassuolo,0.0,2.0,0.0
1210,Venezia,38.0,Spezia,0.0,2.0,0.0
1211,Venezia,38.0,Torino,4.0,2.0,66.66666666666666
1212,Venezia,38.0,Udinese,0.0,2.0,0.0
1213,Venezia,38.0,Verona,0.0,2.0,0.0
1214,Verona,266.0,Atalanta,21.0,14.0,50.0
1215,Verona,266.0,Benevento,9.0,4.0,75.0
1216,Verona,266.0,Bologna,13.0,12.0,36.11111111111111
1217,Verona,266.0,Brescia,3.0,2.0,50.0
1218,Verona,266.0,Cagliari,24.0,12.0,66.66666666666666
1219,Verona,266.0,Carpi,1.0,2.0,16.666666666666664
1220,Verona,266.0,Catania,4.0,2.0,66.66666666666666
1221,Verona,266.0,Cesena,2.0,2.0,33.33333333333333
1222,Verona,266.0,Chievo,11.0,8.0,45.83333333333333
1223,Verona,266.0,Crotone,4.0,4.0,33.33333333333333
1224,Verona,266.0,Empoli,8.0,6.0,44.44444444444444
1225,Verona,266.0,Fiorentina,14.0,14.0,33.33333333333333
1226,Verona,266.0,Frosinone,0.0,2.0,0.0
1227,Verona,266.0,Genoa,14.0,14.0,33.33333333333333
1228,Verona,266.0,Inter,3.0,14.0,7.142857142857142
1229,Verona,266.0,Juventus,13.0,14.0,30.952380952380953
1230,Verona,266.0,Lazio,13.0,14.0,30.952380952380953
1231,Verona,266.0,Lecce,6.0,2.0,100.0
1232,Verona,266.0,Livorno,6.0,2.0,100.0
1233,Verona,266.0,Milan,13.0,14.0,30.952380952380953
1234,Verona,266.0,Napoli,8.0,14.0,19.047619047619047
1235,Verona,266.0,Palermo,3.0,4.0,25.0
1236,Verona,266.0,Parma,16.0,8.0,66.66666666666666
1237,Verona,266.0,Roma,8.0,14.0,19.047619047619047
1238,Verona,266.0,Salernitana,1.0,2.0,16.666666666666664
1239,Verona,266.0,Sampdoria,9.0,14.0,21.428571428571427
1240,Verona,266.0,Sassuolo,17.0,14.0,40.476190476190474
1241,Verona,266.0,Spal,7.0,4.0,58.333333333333336
1242,Verona,266.0,Spezia,10.0,4.0,83.33333333333334
1243,Verona,266.0,Torino,14.0,14.0,33.33333333333333
1244,Verona,266.0,Udinese,17.0,14.0,40.476190476190474
1245,Verona,266.0,Venezia,6.0,2.0,100.0
